ID,ID_upd,ImageURL,,,,,,,,,,,,,,,,,,,,
1,10025,https://xsgames.co/randomusers/assets/avatars/female/5.jpg,,,,,,,,,,,,,,,,,,,,
2,10211,https://xsgames.co/randomusers/assets/avatars/female/10.jpg,,,,,,,,,,,,,,,,,,,,
3,10256,https://xsgames.co/randomusers/assets/avatars/female/9.jpg,,,,,,,,,,,,,,,,,,,,
4,10194,https://xsgames.co/randomusers/assets/avatars/female/42.jpg,,,,,,,,,,,,,,,,,,,,
5,10055,https://xsgames.co/randomusers/assets/avatars/female/41.jpg,,,,,,,,,,,,,,,,,,,,
6,10204,https://xsgames.co/randomusers/assets/avatars/female/35.jpg,,,,,,,,,,,,,,,,,,,,
7,10210,https://xsgames.co/randomusers/assets/avatars/female/11.jpg,,,,,,,,,,,,,,,,,,,,
8,10218,https://xsgames.co/randomusers/assets/avatars/female/34.jpg,,,,,,,,,,,,,,,,,,,,
9,10121,https://xsgames.co/randomusers/assets/avatars/female/52.jpg,,,,,,,,,,,,,,,,,,,,
10,10042,https://xsgames.co/randomusers/assets/avatars/female/3.jpg,,,,,,,,,,,,,,,,,,,,
11,10059,https://xsgames.co/randomusers/assets/avatars/female/62.jpg,,,,,,,,,,,,,,,,,,,,
12,10107,https://xsgames.co/randomusers/assets/avatars/female/35.jpg,,,,,,,,,,,,,,,,,,,,
13,10022,https://xsgames.co/randomusers/assets/avatars/female/5.jpg,,,,,,,,,,,,,,,,,,,,
14,10133,https://xsgames.co/randomusers/assets/avatars/female/10.jpg,,,,,,,,,,,,,,,,,,,,
15,10119,https://xsgames.co/randomusers/assets/avatars/female/9.jpg,,,,,,,,,,,,,,,,,,,,
16,10299,https://xsgames.co/randomusers/assets/avatars/female/42.jpg,,,,,,,,,,,,,,,,,,,,
17,10263,https://xsgames.co/randomusers/assets/avatars/female/41.jpg,,,,,,,,,,,,,,,,,,,,
18,10145,https://xsgames.co/randomusers/assets/avatars/female/35.jpg,,,,,,,,,,,,,,,,,,,,
19,10101,https://xsgames.co/randomusers/assets/avatars/female/11.jpg,,,,,,,,,,,,,,,,,,,,
20,10273,https://xsgames.co/randomusers/assets/avatars/female/34.jpg,,,,,,,,,,,,,,,,,,,,
21,10217,https://xsgames.co/randomusers/assets/avatars/female/52.jpg,,,,,,,,,,,,,,,,,,,,
22,10081,https://xsgames.co/randomusers/assets/avatars/female/3.jpg,,,,,,,,,,,,,,,,,,,,
23,10243,https://xsgames.co/randomusers/assets/avatars/female/62.jpg,,,,,,,,,,,,,,,,,,,,
24,10177,https://xsgames.co/randomusers/assets/avatars/female/35.jpg,,,,,,,,,,,,,,,,,,,,
25,10054,https://xsgames.co/randomusers/assets/avatars/female/5.jpg,,,,,,,,,,,,,,,,,,,,
26,10128,https://xsgames.co/randomusers/assets/avatars/female/10.jpg,,,,,,,,,,,,,,,,,,,,
27,10188,https://xsgames.co/randomusers/assets/avatars/female/9.jpg,,,,,,,,,,,,,,,,,,,,
28,10158,https://xsgames.co/randomusers/assets/avatars/female/42.jpg,,,,,,,,,,,,,,,,,,,,
29,10023,https://xsgames.co/randomusers/assets/avatars/female/41.jpg,,,,,,,,,,,,,,,,,,,,
30,10236,https://xsgames.co/randomusers/assets/avatars/female/35.jpg,,,,,,,,,,,,,,,,,,,,
31,10114,https://xsgames.co/randomusers/assets/avatars/female/11.jpg,,,,,,,,,,,,,,,,,,,,
32,10207,https://xsgames.co/randomusers/assets/avatars/female/34.jpg,,,,,,,,,,,,,,,,,,,,
33,10006,https://xsgames.co/randomusers/assets/avatars/female/52.jpg,,,,,,,,,,,,,,,,,,,,
34,10095,https://xsgames.co/randomusers/assets/avatars/female/3.jpg,,,,,,,,,,,,,,,,,,,,
35,10087,https://xsgames.co/randomusers/assets/avatars/female/62.jpg,,,,,,,,,,,,,,,,,,,,
36,10017,https://xsgames.co/randomusers/assets/avatars/female/35.jpg,,,,,,,,,,,,,,,,,,,,
37,10296,https://xsgames.co/randomusers/assets/avatars/female/5.jpg,,,,,,,,,,,,,,,,,,,,
38,10169,https://xsgames.co/randomusers/assets/avatars/female/10.jpg,,,,,,,,,,,,,,,,,,,,
39,10252,https://xsgames.co/randomusers/assets/avatars/female/9.jpg,,,,,,,,,,,,,,,,,,,,
40,10212,https://xsgames.co/randomusers/assets/avatars/female/42.jpg,,,,,,,,,,,,,,,,,,,,
41,10240,https://xsgames.co/randomusers/assets/avatars/female/41.jpg,,,,,,,,,,,,,,,,,,,,
42,10016,https://xsgames.co/randomusers/assets/avatars/female/35.jpg,,,,,,,,,,,,,,,,,,,,
43,10080,https://xsgames.co/randomusers/assets/avatars/female/11.jpg,,,,,,,,,,,,,,,,,,,,
44,10187,https://xsgames.co/randomusers/assets/avatars/female/9.jpg,,,,,,,,,,,,,,,,,,,,
45,10267,https://xsgames.co/randomusers/assets/avatars/female/42.jpg,,,,,,,,,,,,,,,,,,,,
46,10171,https://xsgames.co/randomusers/assets/avatars/female/41.jpg,,,,,,,,,,,,,,,,,,,,
47,10148,https://xsgames.co/randomusers/assets/avatars/female/35.jpg,,,,,,,,,,,,,,,,,,,,
48,10255,https://xsgames.co/randomusers/assets/avatars/female/11.jpg,,,,,,,,,,,,,,,,,,,,
49,10032,https://xsgames.co/randomusers/assets/avatars/female/34.jpg,,,,,,,,,,,,,,,,,,,,
50,10104,https://xsgames.co/randomusers/assets/avatars/female/52.jpg,,,,,,,,,,,,,,,,,,,,
51,10094,https://xsgames.co/randomusers/assets/avatars/female/3.jpg,,,,,,,,,,,,,,,,,,,,
52,10230,https://xsgames.co/randomusers/assets/avatars/female/62.jpg,,,,,,,,,,,,,,,,,,,,
53,10239,https://xsgames.co/randomusers/assets/avatars/female/35.jpg,,,,,,,,,,,,,,,,,,,,
54,10068,https://xsgames.co/randomusers/assets/avatars/female/5.jpg,,,,,,,,,,,,,,,,,,,,
55,10126,https://xsgames.co/randomusers/assets/avatars/female/10.jpg,,,,,,,,,,,,,,,,,,,,
56,10149,https://xsgames.co/randomusers/assets/avatars/female/9.jpg,,,,,,,,,,,,,,,,,,,,
57,10007,https://xsgames.co/randomusers/assets/avatars/female/42.jpg,,,,,,,,,,,,,,,,,,,,
58,10195,https://xsgames.co/randomusers/assets/avatars/female/41.jpg,,,,,,,,,,,,,,,,,,,,
59,10272,https://xsgames.co/randomusers/assets/avatars/female/35.jpg,,,,,,,,,,,,,,,,,,,,
60,10248,https://xsgames.co/randomusers/assets/avatars/female/11.jpg,,,,,,,,,,,,,,,,,,,,
61,10127,https://xsgames.co/randomusers/assets/avatars/female/34.jpg,,,,,,,,,,,,,,,,,,,,
62,10196,https://xsgames.co/randomusers/assets/avatars/female/52.jpg,,,,,,,,,,,,,,,,,,,,
63,10141,https://xsgames.co/randomusers/assets/avatars/female/3.jpg,,,,,,,,,,,,,,,,,,,,
64,10287,https://xsgames.co/randomusers/assets/avatars/female/62.jpg,,,,,,,,,,,,,,,,,,,,
65,10284,https://xsgames.co/randomusers/assets/avatars/female/35.jpg,,,,,,,,,,,,,,,,,,,,
66,10009,https://xsgames.co/randomusers/assets/avatars/female/5.jpg,,,,,,,,,,,,,,,,,,,,
67,10227,https://xsgames.co/randomusers/assets/avatars/female/10.jpg,,,,,,,,,,,,,,,,,,,,
68,10036,https://xsgames.co/randomusers/assets/avatars/female/9.jpg,,,,,,,,,,,,,,,,,,,,
69,10241,https://xsgames.co/randomusers/assets/avatars/female/42.jpg,,,,,,,,,,,,,,,,,,,,
70,10085,https://xsgames.co/randomusers/assets/avatars/female/41.jpg,,,,,,,,,,,,,,,,,,,,
71,10166,https://xsgames.co/randomusers/assets/avatars/female/35.jpg,,,,,,,,,,,,,,,,,,,,
72,10105,https://xsgames.co/randomusers/assets/avatars/female/11.jpg,,,,,,,,,,,,,,,,,,,,
73,10071,https://xsgames.co/randomusers/assets/avatars/female/9.jpg,,,,,,,,,,,,,,,,,,,,
74,10064,https://xsgames.co/randomusers/assets/avatars/female/42.jpg,,,,,,,,,,,,,,,,,,,,
75,10157,https://xsgames.co/randomusers/assets/avatars/female/41.jpg,,,,,,,,,,,,,,,,,,,,
76,10002,https://xsgames.co/randomusers/assets/avatars/female/35.jpg,,,,,,,,,,,,,,,,,,,,
77,10056,https://xsgames.co/randomusers/assets/avatars/female/11.jpg,,,,,,,,,,,,,,,,,,,,
78,10067,https://xsgames.co/randomusers/assets/avatars/female/34.jpg,,,,,,,,,,,,,,,,,,,,
79,10096,https://xsgames.co/randomusers/assets/avatars/female/52.jpg,,,,,,,,,,,,,,,,,,,,
80,10290,https://xsgames.co/randomusers/assets/avatars/female/3.jpg,,,,,,,,,,,,,,,,,,,,
81,10097,https://xsgames.co/randomusers/assets/avatars/female/62.jpg,,,,,,,,,,,,,,,,,,,,
82,10136,https://xsgames.co/randomusers/assets/avatars/female/35.jpg,,,,,,,,,,,,,,,,,,,,
83,10189,https://xsgames.co/randomusers/assets/avatars/female/5.jpg,,,,,,,,,,,,,,,,,,,,
84,10226,https://xsgames.co/randomusers/assets/avatars/female/10.jpg,,,,,,,,,,,,,,,,,,,,
85,10295,https://xsgames.co/randomusers/assets/avatars/female/9.jpg,,,,,,,,,,,,,,,,,,,,
86,10049,https://xsgames.co/randomusers/assets/avatars/female/42.jpg,,,,,,,,,,,,,,,,,,,,
87,10099,https://xsgames.co/randomusers/assets/avatars/female/41.jpg,,,,,,,,,,,,,,,,,,,,
88,10163,https://xsgames.co/randomusers/assets/avatars/female/35.jpg,,,,,,,,,,,,,,,,,,,,
89,10077,https://xsgames.co/randomusers/assets/avatars/female/11.jpg,,,,,,,,,,,,,,,,,,,,
90,10088,https://xsgames.co/randomusers/assets/avatars/female/34.jpg,,,,,,,,,,,,,,,,,,,,
91,10011,https://xsgames.co/randomusers/assets/avatars/female/52.jpg,,,,,,,,,,,,,,,,,,,,
92,10294,https://xsgames.co/randomusers/assets/avatars/female/3.jpg,,,,,,,,,,,,,,,,,,,,
93,10124,https://xsgames.co/randomusers/assets/avatars/female/62.jpg,,,,,,,,,,,,,,,,,,,,
94,10275,https://xsgames.co/randomusers/assets/avatars/female/35.jpg,,,,,,,,,,,,,,,,,,,,
95,10257,https://xsgames.co/randomusers/assets/avatars/female/5.jpg,,,,,,,,,,,,,,,,,,,,
96,10159,https://xsgames.co/randomusers/assets/avatars/female/10.jpg,,,,,,,,,,,,,,,,,,,,
97,10303,https://xsgames.co/randomusers/assets/avatars/female/9.jpg,,,,,,,,,,,,,,,,,,,,
98,10142,https://xsgames.co/randomusers/assets/avatars/female/42.jpg,,,,,,,,,,,,,,,,,,,,
99,10018,https://xsgames.co/randomusers/assets/avatars/female/41.jpg,,,,,,,,,,,,,,,,,,,,
100,10297,https://xsgames.co/randomusers/assets/avatars/female/35.jpg,,,,,,,,,,,,,,,,,,,,
101,10078,https://xsgames.co/randomusers/assets/avatars/female/11.jpg,,,,,,,,,,,,,,,,,,,,
102,10246,https://xsgames.co/randomusers/assets/avatars/female/9.jpg,,,,,,,,,,,,,,,,,,,,
103,10130,https://xsgames.co/randomusers/assets/avatars/female/42.jpg,,,,,,,,,,,,,,,,,,,,
104,10122,https://xsgames.co/randomusers/assets/avatars/female/41.jpg,,,,,,,,,,,,,,,,,,,,
105,10073,https://xsgames.co/randomusers/assets/avatars/female/35.jpg,,,,,,,,,,,,,,,,,,,,
106,10206,https://xsgames.co/randomusers/assets/avatars/female/11.jpg,,,,,,,,,,,,,,,,,,,,
107,10262,https://xsgames.co/randomusers/assets/avatars/female/34.jpg,,,,,,,,,,,,,,,,,,,,
108,10037,https://xsgames.co/randomusers/assets/avatars/female/52.jpg,,,,,,,,,,,,,,,,,,,,
109,10168,https://xsgames.co/randomusers/assets/avatars/female/3.jpg,,,,,,,,,,,,,,,,,,,,
110,10237,https://xsgames.co/randomusers/assets/avatars/female/62.jpg,,,,,,,,,,,,,,,,,,,,
111,10151,https://xsgames.co/randomusers/assets/avatars/female/35.jpg,,,,,,,,,,,,,,,,,,,,
112,10254,https://xsgames.co/randomusers/assets/avatars/female/5.jpg,,,,,,,,,,,,,,,,,,,,
113,10279,https://xsgames.co/randomusers/assets/avatars/female/10.jpg,,,,,,,,,,,,,,,,,,,,
114,10238,https://xsgames.co/randomusers/assets/avatars/female/9.jpg,,,,,,,,,,,,,,,,,,,,
115,10086,https://xsgames.co/randomusers/assets/avatars/female/42.jpg,,,,,,,,,,,,,,,,,,,,
116,10125,https://xsgames.co/randomusers/assets/avatars/female/41.jpg,,,,,,,,,,,,,,,,,,,,
117,10110,https://xsgames.co/randomusers/assets/avatars/female/35.jpg,,,,,,,,,,,,,,,,,,,,
118,10003,https://xsgames.co/randomusers/assets/avatars/female/11.jpg,,,,,,,,,,,,,,,,,,,,
119,10053,https://xsgames.co/randomusers/assets/avatars/female/34.jpg,,,,,,,,,,,,,,,,,,,,
120,10076,https://xsgames.co/randomusers/assets/avatars/female/52.jpg,,,,,,,,,,,,,,,,,,,,
121,10203,https://xsgames.co/randomusers/assets/avatars/female/3.jpg,,,,,,,,,,,,,,,,,,,,
122,10153,https://xsgames.co/randomusers/assets/avatars/female/62.jpg,,,,,,,,,,,,,,,,,,,,
123,10069,https://xsgames.co/randomusers/assets/avatars/female/35.jpg,,,,,,,,,,,,,,,,,,,,
124,10302,https://xsgames.co/randomusers/assets/avatars/female/5.jpg,,,,,,,,,,,,,,,,,,,,
125,10182,https://xsgames.co/randomusers/assets/avatars/female/10.jpg,,,,,,,,,,,,,,,,,,,,
126,10174,https://xsgames.co/randomusers/assets/avatars/female/9.jpg,,,,,,,,,,,,,,,,,,,,
127,10201,https://xsgames.co/randomusers/assets/avatars/female/42.jpg,,,,,,,,,,,,,,,,,,,,
128,10293,https://xsgames.co/randomusers/assets/avatars/female/41.jpg,,,,,,,,,,,,,,,,,,,,
129,10209,https://xsgames.co/randomusers/assets/avatars/female/35.jpg,,,,,,,,,,,,,,,,,,,,
130,10100,https://xsgames.co/randomusers/assets/avatars/female/11.jpg,,,,,,,,,,,,,,,,,,,,
131,10139,https://xsgames.co/randomusers/assets/avatars/female/9.jpg,,,,,,,,,,,,,,,,,,,,
132,10244,https://xsgames.co/randomusers/assets/avatars/female/42.jpg,,,,,,,,,,,,,,,,,,,,
133,10123,https://xsgames.co/randomusers/assets/avatars/female/41.jpg,,,,,,,,,,,,,,,,,,,,
134,10183,https://xsgames.co/randomusers/assets/avatars/female/35.jpg,,,,,,,,,,,,,,,,,,,,
135,10060,https://xsgames.co/randomusers/assets/avatars/female/11.jpg,,,,,,,,,,,,,,,,,,,,
136,10030,https://xsgames.co/randomusers/assets/avatars/female/34.jpg,,,,,,,,,,,,,,,,,,,,
137,10270,https://xsgames.co/randomusers/assets/avatars/female/52.jpg,,,,,,,,,,,,,,,,,,,,
138,10304,https://xsgames.co/randomusers/assets/avatars/female/3.jpg,,,,,,,,,,,,,,,,,,,,
139,10138,https://xsgames.co/randomusers/assets/avatars/female/62.jpg,,,,,,,,,,,,,,,,,,,,
140,10221,https://xsgames.co/randomusers/assets/avatars/female/35.jpg,,,,,,,,,,,,,,,,,,,,
141,10274,https://xsgames.co/randomusers/assets/avatars/female/5.jpg,,,,,,,,,,,,,,,,,,,,
142,10146,https://xsgames.co/randomusers/assets/avatars/female/10.jpg,,,,,,,,,,,,,,,,,,,,
143,10161,https://xsgames.co/randomusers/assets/avatars/female/9.jpg,,,,,,,,,,,,,,,,,,,,
144,10278,https://xsgames.co/randomusers/assets/avatars/female/42.jpg,,,,,,,,,,,,,,,,,,,,
145,10160,https://xsgames.co/randomusers/assets/avatars/female/41.jpg,,,,,,,,,,,,,,,,,,,,
146,10156,https://xsgames.co/randomusers/assets/avatars/female/35.jpg,,,,,,,,,,,,,,,,,,,,
147,10214,https://xsgames.co/randomusers/assets/avatars/female/11.jpg,,,,,,,,,,,,,,,,,,,,
148,10264,https://xsgames.co/randomusers/assets/avatars/female/34.jpg,,,,,,,,,,,,,,,,,,,,
149,10245,https://xsgames.co/randomusers/assets/avatars/female/52.jpg,,,,,,,,,,,,,,,,,,,,
150,10155,https://xsgames.co/randomusers/assets/avatars/female/3.jpg,,,,,,,,,,,,,,,,,,,,
151,10106,https://xsgames.co/randomusers/assets/avatars/female/62.jpg,,,,,,,,,,,,,,,,,,,,
152,10132,https://xsgames.co/randomusers/assets/avatars/female/35.jpg,,,,,,,,,,,,,,,,,,,,
153,10082,https://xsgames.co/randomusers/assets/avatars/female/5.jpg,,,,,,,,,,,,,,,,,,,,
154,10112,https://xsgames.co/randomusers/assets/avatars/female/10.jpg,,,,,,,,,,,,,,,,,,,,
155,10232,https://xsgames.co/randomusers/assets/avatars/female/9.jpg,,,,,,,,,,,,,,,,,,,,
156,10043,https://xsgames.co/randomusers/assets/avatars/female/42.jpg,,,,,,,,,,,,,,,,,,,,
157,10040,https://xsgames.co/randomusers/assets/avatars/female/41.jpg,,,,,,,,,,,,,,,,,,,,
158,10271,https://xsgames.co/randomusers/assets/avatars/female/35.jpg,,,,,,,,,,,,,,,,,,,,
159,10301,https://xsgames.co/randomusers/assets/avatars/female/11.jpg,,,,,,,,,,,,,,,,,,,,
160,10179,https://xsgames.co/randomusers/assets/avatars/female/9.jpg,,,,,,,,,,,,,,,,,,,,
161,10186,https://xsgames.co/randomusers/assets/avatars/female/42.jpg,,,,,,,,,,,,,,,,,,,,
162,10090,https://xsgames.co/randomusers/assets/avatars/female/41.jpg,,,,,,,,,,,,,,,,,,,,
163,10008,https://xsgames.co/randomusers/assets/avatars/female/35.jpg,,,,,,,,,,,,,,,,,,,,
164,10091,https://xsgames.co/randomusers/assets/avatars/female/11.jpg,,,,,,,,,,,,,,,,,,,,
165,10035,https://xsgames.co/randomusers/assets/avatars/female/34.jpg,,,,,,,,,,,,,,,,,,,,
166,10057,https://xsgames.co/randomusers/assets/avatars/female/52.jpg,,,,,,,,,,,,,,,,,,,,
167,10004,https://xsgames.co/randomusers/assets/avatars/female/3.jpg,,,,,,,,,,,,,,,,,,,,
168,10162,https://xsgames.co/randomusers/assets/avatars/female/62.jpg,,,,,,,,,,,,,,,,,,,,
169,10219,https://xsgames.co/randomusers/assets/avatars/female/35.jpg,,,,,,,,,,,,,,,,,,,,
170,10285,https://xsgames.co/randomusers/assets/avatars/female/5.jpg,,,,,,,,,,,,,,,,,,,,
171,10205,https://xsgames.co/randomusers/assets/avatars/female/10.jpg,,,,,,,,,,,,,,,,,,,,
172,10089,https://xsgames.co/randomusers/assets/avatars/female/9.jpg,,,,,,,,,,,,,,,,,,,,
173,10170,https://xsgames.co/randomusers/assets/avatars/female/42.jpg,,,,,,,,,,,,,,,,,,,,
174,10010,https://xsgames.co/randomusers/assets/avatars/female/41.jpg,,,,,,,,,,,,,,,,,,,,
175,10039,https://xsgames.co/randomusers/assets/avatars/female/35.jpg,,,,,,,,,,,,,,,,,,,,
176,10075,https://xsgames.co/randomusers/assets/avatars/female/11.jpg,,,,,,,,,,,,,,,,,,,,
177,10178,https://xsgames.co/randomusers/assets/avatars/male/37.jpg,,,,,,,,,,,,,,,,,,,,
178,10129,https://xsgames.co/randomusers/assets/avatars/male/19.jpg,,,,,,,,,,,,,,,,,,,,
179,10229,https://xsgames.co/randomusers/assets/avatars/male/55.jpg,,,,,,,,,,,,,,,,,,,,
180,10260,https://xsgames.co/randomusers/assets/avatars/male/44.jpg,,,,,,,,,,,,,,,,,,,,
181,10074,https://xsgames.co/randomusers/assets/avatars/male/34.jpg,,,,,,,,,,,,,,,,,,,,
182,10184,https://xsgames.co/randomusers/assets/avatars/male/31.jpg,,,,,,,,,,,,,,,,,,,,
183,10198,https://xsgames.co/randomusers/assets/avatars/male/17.jpg,,,,,,,,,,,,,,,,,,,,
184,10109,https://xsgames.co/randomusers/assets/avatars/male/67.jpg,,,,,,,,,,,,,,,,,,,,
185,10065,https://xsgames.co/randomusers/assets/avatars/male/20.jpg,,,,,,,,,,,,,,,,,,,,
186,10234,https://xsgames.co/randomusers/assets/avatars/male/8.jpg,,,,,,,,,,,,,,,,,,,,
187,10083,https://xsgames.co/randomusers/assets/avatars/male/48.jpg,,,,,,,,,,,,,,,,,,,,
188,10066,https://xsgames.co/randomusers/assets/avatars/male/39.jpg,,,,,,,,,,,,,,,,,,,,
189,10020,https://xsgames.co/randomusers/assets/avatars/female/11.jpg,,,,,,,,,,,,,,,,,,,,
190,10047,https://xsgames.co/randomusers/assets/avatars/male/37.jpg,,,,,,,,,,,,,,,,,,,,
191,10098,https://xsgames.co/randomusers/assets/avatars/male/19.jpg,,,,,,,,,,,,,,,,,,,,
192,10224,https://xsgames.co/randomusers/assets/avatars/male/55.jpg,,,,,,,,,,,,,,,,,,,,
193,10058,https://xsgames.co/randomusers/assets/avatars/male/44.jpg,,,,,,,,,,,,,,,,,,,,
194,10051,https://xsgames.co/randomusers/assets/avatars/male/34.jpg,,,,,,,,,,,,,,,,,,,,
195,10193,https://xsgames.co/randomusers/assets/avatars/male/31.jpg,,,,,,,,,,,,,,,,,,,,
196,10152,https://xsgames.co/randomusers/assets/avatars/male/17.jpg,,,,,,,,,,,,,,,,,,,,
197,10131,https://xsgames.co/randomusers/assets/avatars/male/67.jpg,,,,,,,,,,,,,,,,,,,,
198,10300,https://xsgames.co/randomusers/assets/avatars/male/20.jpg,,,,,,,,,,,,,,,,,,,,
199,10031,https://xsgames.co/randomusers/assets/avatars/male/8.jpg,,,,,,,,,,,,,,,,,,,,
200,10019,https://xsgames.co/randomusers/assets/avatars/male/48.jpg,,,,,,,,,,,,,,,,,,,,
201,10175,https://xsgames.co/randomusers/assets/avatars/male/39.jpg,,,,,,,,,,,,,,,,,,,,
202,10265,https://xsgames.co/randomusers/assets/avatars/female/11.jpg,,,,,,,,,,,,,,,,,,,,
203,10050,https://xsgames.co/randomusers/assets/avatars/male/37.jpg,,,,,,,,,,,,,,,,,,,,
204,10228,https://xsgames.co/randomusers/assets/avatars/male/19.jpg,,,,,,,,,,,,,,,,,,,,
205,10282,https://xsgames.co/randomusers/assets/avatars/male/55.jpg,,,,,,,,,,,,,,,,,,,,
206,10292,https://xsgames.co/randomusers/assets/avatars/female/11.jpg,,,,,,,,,,,,,,,,,,,,
207,10259,https://xsgames.co/randomusers/assets/avatars/male/37.jpg,,,,,,,,,,,,,,,,,,,,
208,10286,https://xsgames.co/randomusers/assets/avatars/male/19.jpg,,,,,,,,,,,,,,,,,,,,
209,10005,https://xsgames.co/randomusers/assets/avatars/male/55.jpg,,,,,,,,,,,,,,,,,,,,
210,10283,https://xsgames.co/randomusers/assets/avatars/male/44.jpg,,,,,,,,,,,,,,,,,,,,
211,10261,https://xsgames.co/randomusers/assets/avatars/male/34.jpg,,,,,,,,,,,,,,,,,,,,
212,10041,https://xsgames.co/randomusers/assets/avatars/male/31.jpg,,,,,,,,,,,,,,,,,,,,
213,10281,https://xsgames.co/randomusers/assets/avatars/male/17.jpg,,,,,,,,,,,,,,,,,,,,
214,10021,https://xsgames.co/randomusers/assets/avatars/male/67.jpg,,,,,,,,,,,,,,,,,,,,
215,10029,https://xsgames.co/randomusers/assets/avatars/male/20.jpg,,,,,,,,,,,,,,,,,,,,
216,10199,https://xsgames.co/randomusers/assets/avatars/male/8.jpg,,,,,,,,,,,,,,,,,,,,
217,10012,https://xsgames.co/randomusers/assets/avatars/male/48.jpg,,,,,,,,,,,,,,,,,,,,
218,10164,https://xsgames.co/randomusers/assets/avatars/male/39.jpg,,,,,,,,,,,,,,,,,,,,
219,10225,https://xsgames.co/randomusers/assets/avatars/female/11.jpg,,,,,,,,,,,,,,,,,,,,
220,10063,https://xsgames.co/randomusers/assets/avatars/male/37.jpg,,,,,,,,,,,,,,,,,,,,
221,10185,https://xsgames.co/randomusers/assets/avatars/male/19.jpg,,,,,,,,,,,,,,,,,,,,
222,10111,https://xsgames.co/randomusers/assets/avatars/male/55.jpg,,,,,,,,,,,,,,,,,,,,
223,10269,https://xsgames.co/randomusers/assets/avatars/male/44.jpg,,,,,,,,,,,,,,,,,,,,
224,10140,https://xsgames.co/randomusers/assets/avatars/male/34.jpg,,,,,,,,,,,,,,,,,,,,
225,10215,https://xsgames.co/randomusers/assets/avatars/male/31.jpg,,,,,,,,,,,,,,,,,,,,
226,10079,https://xsgames.co/randomusers/assets/avatars/male/17.jpg,,,,,,,,,,,,,,,,,,,,
227,10216,https://xsgames.co/randomusers/assets/avatars/male/67.jpg,,,,,,,,,,,,,,,,,,,,
228,10120,https://xsgames.co/randomusers/assets/avatars/male/20.jpg,,,,,,,,,,,,,,,,,,,,
229,10258,https://xsgames.co/randomusers/assets/avatars/female/11.jpg,,,,,,,,,,,,,,,,,,,,
230,10223,https://xsgames.co/randomusers/assets/avatars/male/37.jpg,,,,,,,,,,,,,,,,,,,,
231,10015,https://xsgames.co/randomusers/assets/avatars/male/19.jpg,,,,,,,,,,,,,,,,,,,,
232,10305,https://xsgames.co/randomusers/assets/avatars/male/55.jpg,,,,,,,,,,,,,,,,,,,,
233,10220,https://xsgames.co/randomusers/assets/avatars/male/44.jpg,,,,,,,,,,,,,,,,,,,,
234,10242,https://xsgames.co/randomusers/assets/avatars/male/34.jpg,,,,,,,,,,,,,,,,,,,,
235,10084,https://xsgames.co/randomusers/assets/avatars/male/31.jpg,,,,,,,,,,,,,,,,,,,,
236,10288,https://xsgames.co/randomusers/assets/avatars/male/17.jpg,,,,,,,,,,,,,,,,,,,,
237,10213,https://xsgames.co/randomusers/assets/avatars/male/67.jpg,,,,,,,,,,,,,,,,,,,,
238,10222,https://xsgames.co/randomusers/assets/avatars/male/20.jpg,,,,,,,,,,,,,,,,,,,,
239,10298,https://xsgames.co/randomusers/assets/avatars/male/8.jpg,,,,,,,,,,,,,,,,,,,,
240,10116,https://xsgames.co/randomusers/assets/avatars/male/48.jpg,,,,,,,,,,,,,,,,,,,,
241,10093,https://xsgames.co/randomusers/assets/avatars/male/39.jpg,,,,,,,,,,,,,,,,,,,,
242,10233,https://xsgames.co/randomusers/assets/avatars/female/11.jpg,,,,,,,,,,,,,,,,,,,,
243,10202,https://xsgames.co/randomusers/assets/avatars/male/37.jpg,,,,,,,,,,,,,,,,,,,,
244,10309,https://xsgames.co/randomusers/assets/avatars/male/19.jpg,,,,,,,,,,,,,,,,,,,,
245,10200,https://xsgames.co/randomusers/assets/avatars/male/55.jpg,,,,,,,,,,,,,,,,,,,,
246,10191,https://xsgames.co/randomusers/assets/avatars/male/44.jpg,,,,,,,,,,,,,,,,,,,,
247,10308,https://xsgames.co/randomusers/assets/avatars/male/34.jpg,,,,,,,,,,,,,,,,,,,,
248,10154,https://xsgames.co/randomusers/assets/avatars/male/31.jpg,,,,,,,,,,,,,,,,,,,,
249,10108,https://xsgames.co/randomusers/assets/avatars/male/17.jpg,,,,,,,,,,,,,,,,,,,,
250,10137,https://xsgames.co/randomusers/assets/avatars/male/67.jpg,,,,,,,,,,,,,,,,,,,,
251,10280,https://xsgames.co/randomusers/assets/avatars/male/20.jpg,,,,,,,,,,,,,,,,,,,,
252,10046,https://xsgames.co/randomusers/assets/avatars/male/8.jpg,,,,,,,,,,,,,,,,,,,,
253,10103,https://xsgames.co/randomusers/assets/avatars/male/48.jpg,,,,,,,,,,,,,,,,,,,,
254,10251,https://xsgames.co/randomusers/assets/avatars/male/39.jpg,,,,,,,,,,,,,,,,,,,,
255,10134,https://xsgames.co/randomusers/assets/avatars/female/11.jpg,,,,,,,,,,,,,,,,,,,,
256,10235,https://xsgames.co/randomusers/assets/avatars/male/37.jpg,,,,,,,,,,,,,,,,,,,,
257,10249,https://xsgames.co/randomusers/assets/avatars/male/19.jpg,,,,,,,,,,,,,,,,,,,,
258,10038,https://xsgames.co/randomusers/assets/avatars/male/55.jpg,,,,,,,,,,,,,,,,,,,,
259,10052,https://xsgames.co/randomusers/assets/avatars/female/11.jpg,,,,,,,,,,,,,,,,,,,,
260,10247,https://xsgames.co/randomusers/assets/avatars/male/37.jpg,,,,,,,,,,,,,,,,,,,,
261,10277,https://xsgames.co/randomusers/assets/avatars/male/19.jpg,,,,,,,,,,,,,,,,,,,,
262,10250,https://xsgames.co/randomusers/assets/avatars/male/55.jpg,,,,,,,,,,,,,,,,,,,,
263,10092,https://xsgames.co/randomusers/assets/avatars/male/44.jpg,,,,,,,,,,,,,,,,,,,,
264,10113,https://xsgames.co/randomusers/assets/avatars/male/34.jpg,,,,,,,,,,,,,,,,,,,,
265,10165,https://xsgames.co/randomusers/assets/avatars/male/31.jpg,,,,,,,,,,,,,,,,,,,,
266,10176,https://xsgames.co/randomusers/assets/avatars/male/17.jpg,,,,,,,,,,,,,,,,,,,,
267,10208,https://xsgames.co/randomusers/assets/avatars/male/67.jpg,,,,,,,,,,,,,,,,,,,,
268,10135,https://xsgames.co/randomusers/assets/avatars/male/20.jpg,,,,,,,,,,,,,,,,,,,,
269,10033,https://xsgames.co/randomusers/assets/avatars/male/8.jpg,,,,,,,,,,,,,,,,,,,,
270,10028,https://xsgames.co/randomusers/assets/avatars/male/48.jpg,,,,,,,,,,,,,,,,,,,,
271,10115,https://xsgames.co/randomusers/assets/avatars/male/39.jpg,,,,,,,,,,,,,,,,,,,,
272,10048,https://xsgames.co/randomusers/assets/avatars/female/11.jpg,,,,,,,,,,,,,,,,,,,,
273,10072,https://xsgames.co/randomusers/assets/avatars/male/37.jpg,,,,,,,,,,,,,,,,,,,,
274,10231,https://xsgames.co/randomusers/assets/avatars/male/19.jpg,,,,,,,,,,,,,,,,,,,,
275,10172,https://xsgames.co/randomusers/assets/avatars/male/55.jpg,,,,,,,,,,,,,,,,,,,,
276,10190,https://xsgames.co/randomusers/assets/avatars/male/44.jpg,,,,,,,,,,,,,,,,,,,,
277,10192,https://xsgames.co/randomusers/assets/avatars/male/34.jpg,,,,,,,,,,,,,,,,,,,,
278,10118,https://xsgames.co/randomusers/assets/avatars/male/31.jpg,,,,,,,,,,,,,,,,,,,,
279,10253,https://xsgames.co/randomusers/assets/avatars/male/17.jpg,,,,,,,,,,,,,,,,,,,,
280,10014,https://xsgames.co/randomusers/assets/avatars/male/67.jpg,,,,,,,,,,,,,,,,,,,,
281,10045,https://xsgames.co/randomusers/assets/avatars/male/20.jpg,,,,,,,,,,,,,,,,,,,,
282,10034,https://xsgames.co/randomusers/assets/avatars/female/11.jpg,,,,,,,,,,,,,,,,,,,,
283,10276,https://xsgames.co/randomusers/assets/avatars/male/37.jpg,,,,,,,,,,,,,,,,,,,,
284,10001,https://xsgames.co/randomusers/assets/avatars/male/19.jpg,,,,,,,,,,,,,,,,,,,,
285,10150,https://xsgames.co/randomusers/assets/avatars/male/55.jpg,,,,,,,,,,,,,,,,,,,,
286,10144,https://xsgames.co/randomusers/assets/avatars/male/44.jpg,,,,,,,,,,,,,,,,,,,,
287,10102,https://xsgames.co/randomusers/assets/avatars/male/34.jpg,,,,,,,,,,,,,,,,,,,,
288,10044,https://xsgames.co/randomusers/assets/avatars/male/31.jpg,,,,,,,,,,,,,,,,,,,,
289,10197,https://xsgames.co/randomusers/assets/avatars/male/17.jpg,,,,,,,,,,,,,,,,,,,,
290,10013,https://xsgames.co/randomusers/assets/avatars/male/67.jpg,,,,,,,,,,,,,,,,,,,,
291,10268,https://xsgames.co/randomusers/assets/avatars/male/20.jpg,,,,,,,,,,,,,,,,,,,,
292,10310,https://xsgames.co/randomusers/assets/avatars/male/8.jpg,,,,,,,,,,,,,,,,,,,,
293,10173,https://xsgames.co/randomusers/assets/avatars/male/48.jpg,,,,,,,,,,,,,,,,,,,,
294,10024,https://xsgames.co/randomusers/assets/avatars/male/39.jpg,,,,,,,,,,,,,,,,,,,,
295,10117,https://xsgames.co/randomusers/assets/avatars/female/11.jpg,,,,,,,,,,,,,,,,,,,,
296,10289,https://xsgames.co/randomusers/assets/avatars/male/37.jpg,,,,,,,,,,,,,,,,,,,,
297,10306,https://xsgames.co/randomusers/assets/avatars/male/19.jpg,,,,,,,,,,,,,,,,,,,,
298,10266,https://xsgames.co/randomusers/assets/avatars/male/55.jpg,,,,,,,,,,,,,,,,,,,,
299,10147,https://xsgames.co/randomusers/assets/avatars/male/44.jpg,,,,,,,,,,,,,,,,,,,,
300,10307,https://xsgames.co/randomusers/assets/avatars/male/34.jpg,,,,,,,,,,,,,,,,,,,,
301,10070,https://xsgames.co/randomusers/assets/avatars/male/31.jpg,,,,,,,,,,,,,,,,,,,,
302,10180,https://xsgames.co/randomusers/assets/avatars/male/17.jpg,,,,,,,,,,,,,,,,,,,,
303,10291,https://xsgames.co/randomusers/assets/avatars/male/67.jpg,,,,,,,,,,,,,,,,,,,,
304,10027,https://xsgames.co/randomusers/assets/avatars/male/20.jpg,,,,,,,,,,,,,,,,,,,,
305,10167,https://xsgames.co/randomusers/assets/avatars/male/8.jpg,,,,,,,,,,,,,,,,,,,,
306,10311,https://xsgames.co/randomusers/assets/avatars/male/48.jpg,,,,,,,,,,,,,,,,,,,,
307,10143,https://xsgames.co/randomusers/assets/avatars/male/39.jpg,,,,,,,,,,,,,,,,,,,,
308,10181,https://xsgames.co/randomusers/assets/avatars/female/11.jpg,,,,,,,,,,,,,,,,,,,,
309,10061,https://xsgames.co/randomusers/assets/avatars/male/37.jpg,,,,,,,,,,,,,,,,,,,,
310,10062,https://xsgames.co/randomusers/assets/avatars/male/19.jpg,,,,,,,,,,,,,,,,,,,,
311,10026,https://xsgames.co/randomusers/assets/avatars/male/55.jpg,,,,,,,,,,,,,,,,,,,,
312,10312,https://xsgames.co/randomusers/assets/avatars/female/11.jpg,,,,,,,,,,,,,,,,,,,,
